title,file1,file2
Fall Protection In Industrial And Construction Environments,3831c3b1-2959-47c3-9eb2-0bb7c0bb06cf (1).zip,3831c3b1-2959-47c3-9eb2-0bb7c0bb06cf.zip
Advanced Trimble Accubid Classic Pro,6900d60b-d412-4bc1-aab7-d068f5c8eb0e (1).zip,6900d60b-d412-4bc1-aab7-d068f5c8eb0e.zip
A Commitment to Zero Broken Lives- New Hire Safety Orientation,3c1c9fac-b95f-4fad-b859-fe5a6a84824e.zip,a-commitment-to-zero-broken-lives-new-hire-safety-orientation-scorm12-k9ggo4z0.zip
Approving Change Orders in ViewPoint,3354da97-5b41-4f64-97cd-9e3cf916414e.zip,approving-change-orders-in-view-point-scorm12-eorbjkg_.zip
Arc Flash Personal Protective Equipment (PPE),arc-flash-personal-protective-equipment-ppe-scorm12-4M7f_E64.zip,arc-flash-personal-protective-equipment-ppe-scorm12-y0-7bkwo.zip
Chapter 02 - What You Need to Know,chapter-02-what-you-need-to-know-scorm12-n-qj69jo (1).zip,chapter-02-what-you-need-to-know-scorm12-n-qj69jo.zip
Chapter 11 - Minimizing Waste at a Project Level,chapter-11-minimizing-waste-at-a-project-level-scorm12-bb8uiief (1).zip,chapter-11-minimizing-waste-at-a-project-level-scorm12-bb8uiief.zip
Chapter 3 - Coordinating with Other Trades-,chapter-3-coordinating-with-other-trades-scorm12-e-hl3uzr.zip,chapter-3-coordinating-with-other-trades-scorm12-we3wxrro (1).zip
Chapter 3 - Coordinating with Other Trades-,chapter-3-coordinating-with-other-trades-scorm12-e-hl3uzr.zip,chapter-3-coordinating-with-other-trades-scorm12-we3wxrro.zip
Chapter 8 Introduction to Effective Communication,chapter-8-introduction-to-effective-communication-scorm12-k6p_uqpq (1).zip,chapter-8-introduction-to-effective-communication-scorm12-k6p_uqpq.zip
Chapter 9 Time Management,chapter-9-time-management-scorm12-gifb0r3z (1).zip,chapter-9-time-management-scorm12-gifb0r3z.zip
Commitment to Safety : A Shared Responsibility- New Hire Safety Orientation,640d3a2d-f5d1-4131-bc2a-8acbb03cd182.zip,commitment-to-safety-a-shared-responsibility-new-hire-safety-orientation-scorm12-2jvergv-.zip
Complex Lockout-Tagout Procedures,bc18133e-d61d-4b14-979b-7e7360f22583.zip,complex-lockout-tagout-procedures-scorm12-hn7-fup1.zip
Conducting Effective Performance Reviews,conducting-effective-performance-reviews-scorm12-8ihyn2kz.zip,conducting-effective-performance-reviews-scorm12-jookiirb.zip
Conducting Effective Performance Reviews,conducting-effective-performance-reviews-scorm12-8ihyn2kz.zip,conducting-effective-performance-reviews-scorm12-yw_6kmun.zip
Copy of Introduction to Field Leadership Section - 1 Skills Traits & Responsibilities,9e098bfe-2470-4cfd-a8c8-83618f5534df.zip,copy-of-introduction-to-field-leadership-section-1-skills-traits-responsibilities-scorm12-zplWh8hC.zip
Creating a Pending Change Orders in ViewPoint,creating-a-pending-change-orders-in-view-point-scorm12-cir_kuef.zip,creating-a-pending-change-orders-in-view-point-scorm12-qStQ1fs2.zip
Critical Leadership Training,92ea63ef-4606-43f5-a757-6fc60095cab4.zip,critical-leadership-training-scorm12-cgy5ZMn8.zip
Critical Leadership Training,92ea63ef-4606-43f5-a757-6fc60095cab4.zip,critical-leadership-training-scorm12-x_04ikm8.zip
Construction Management: Introduction to Lean Construction,construction-management-introduction-to-lean-construction-scorm12-ix45_zjt.zip,d14b9f30-3d32-4987-9d34-8035e6471fd1.zip
Copy of Introduction to Field Leadership Section 3 - Leadership,copy-of-introduction-to-field-leadership-section-3-leadership-scorm12-ehy1h9md.zip,e5d16c11-b2f6-4343-b27b-158f4c028aeb.zip
Fall Protection In Industrial And Construction Environments,3831c3b1-2959-47c3-9eb2-0bb7c0bb06cf (1).zip,fall-protection-in-industrial-and-construction-environments-scorm12-HtvRelsq.zip
Fall Protection In Industrial And Construction Environments,3831c3b1-2959-47c3-9eb2-0bb7c0bb06cf (1).zip,fall-protection-in-industrial-and-construction-environments-scorm12-id8nmi54.zip
GSL's New Hire Safety Orientation,8d96dbf9-679c-4f00-b8a6-b62accb23d0d.zip,gs-ls-new-hire-safety-orientation-scorm12-l1evm0ft.zip
Hazard Communication,4896725b-5d88-4056-8a6e-4290ba8a5a5d.zip,hazard-communication-scorm12-hced66vt.zip
Information Found on Container Labels,75a49409-e8aa-4ce3-b528-8ce05aef937f.zip,information-found-on-container-labels-scorm12-alpiibee.zip
Introduction- Introduction to Field Leadership Section - 1 Skills Traits & Responsibilities,introduction-introduction-to-field-leadership-section-1-skills-traits-responsibilities-scorm12-k-mbpeuu.zip,introduction-introduction-to-field-leadership-section-1-skills-traits-responsibilities-scorm12-svnfmycr.zip
Introduction to Field Leadership Part 2 - Anatomy of a Project,13d9715d-6384-46be-8cf3-eccf3325481d.zip,introduction-to-field-leadership-part-2-anatomy-of-a-project-scorm12-vus2qvus.zip
Introduction to planning and Controlling Hazards - T.R.A.C.K.,c1fd58d5-f841-41c0-b15d-5e00a8415db9.zip,introduction-to-planning-and-controlling-hazards-t-r-a-c-k-scorm12-nrpeh-rf.zip
Leading With Emotional Intelligence,f40629c8-0091-418e-9b45-cee6a5b3aa9c.zip,leading-with-emotional-intelligence-scorm12-ebhECLuM.zip
Leading With Emotional Intelligence,f40629c8-0091-418e-9b45-cee6a5b3aa9c.zip,leading-with-emotional-intelligence-scorm12-zxi7fbqj.zip
Lockout Tagout Procedures - Abnormal Lockout Removal Procedures,lockout-tagout-procedures-abnormal-lockout-removal-procedures-scorm12-x9mn1h5s (1).zip,lockout-tagout-procedures-abnormal-lockout-removal-procedures-scorm12-x9mn1h5s.zip
Lockout Tagout Procedures,095abf5a-362f-42ef-8158-994ddd66e70e.zip,lockout-tagout-procedures-scorm12-l3swtzib.zip
Managing Sub-contractors,3f5b3717-553b-4e66-96bc-faa72589fe5d.zip,managing-sub-contractors-scorm12-eprbazox.zip
Managing Sub-contractors,3f5b3717-553b-4e66-96bc-faa72589fe5d.zip,managing-sub-contractors-scorm12-gfau4pat.zip
Motivating Your Team,motivating-your-team-scorm12-c3gfnv1x.zip,motivating-your-team-scorm12-YgFh-1Vx.zip
Nevada's Employee Rights and Responsibilities - New Hire Safety Orientation,64df4a34-c340-4ef1-8a94-9dddd55b3f0d.zip,nevadas-employee-rights-and-responsibilities-new-hire-safety-orientation-scorm12-sru8a0g6.zip
On-Site Productivity,on-site-productivity-scorm12-m7-7zmzj (1).zip,on-site-productivity-scorm12-m7-7zmzj.zip
Permit-Required Confined Spaces,1bcd2f05-c0c3-4b2c-9f6e-baba0ac1bc61.zip,permit-required-confined-spaces-scorm12-Cq6_VtQw.zip
Permit-Required Confined Spaces,1bcd2f05-c0c3-4b2c-9f6e-baba0ac1bc61.zip,permit-required-confined-spaces-scorm12-druesm5q.zip
"Preventing Slips, Trips and Falls",35b692b7-23d3-4329-b781-9aa96ae455e8.zip,preventing-slips-trips-and-falls-scorm12-m2jqe-uu.zip
"Project Structure, Delegation, and Team Development",2a3202a4-e80d-4659-bedc-532cd6a7838e.zip,project-structure-delegation-and-team-development-scorm12-saxubt58.zip
Return To Service Procedures,fa99d337-0243-4b21-b9b7-a54215bbda0b.zip,return-to-service-procedures-scorm12-m0ufppq_.zip
Safely Accessing a Scaffold,98b56719-5696-4c87-bc57-ee2143596b89.zip,safely-accessing-a-scaffold-scorm12-znfwpgv9.zip
Safety Coordinator - 4.0 Task Training,safety-coordinator-4-0-task-training-scorm12-1lqdglp (1).zip,safety-coordinator-4-0-task-training-scorm12-1lqdglp.zip
Safety Data Sheets,7ba26b66-15c2-4272-937c-8c20a0b71e21.zip,safety-data-sheets-scorm12-ax_uklcf.zip
Safety Data Sheets,7ba26b66-15c2-4272-937c-8c20a0b71e21.zip,safety-data-sheets-scorm12-i8jupoxt.zip
Simple Lockout-Tagout Procedures,b792b1d9-a94f-49d5-ac01-4a211024faa0.zip,simple-lockout-tagout-procedures-scorm12-9lnzkite.zip
Supported Scaffolding Safety in Industrial and Construction Environments,c2ef003b-0aa1-40d0-8653-3cf6c5a31466.zip,supported-scaffolding-safety-in-industrial-and-construction-environments-scorm12-sy389sg8.zip
The Art of Presenting - Chapter 7b: Delivering Your Presentation,the-art-of-presenting-chapter-7-b-delivering-your-presentation-scorm12-w8rvumau (1).zip,the-art-of-presenting-chapter-7-b-delivering-your-presentation-scorm12-w8rvumau.zip
The Art of Presenting - Chapter 7d: Delivering Your Presentation,the-art-of-presenting-chapter-7-d-delivering-your-presentation-scorm12-rqczlxog (1).zip,the-art-of-presenting-chapter-7-d-delivering-your-presentation-scorm12-rqczlxog (2).zip
The Art of Presenting - Chapter 7d: Delivering Your Presentation,the-art-of-presenting-chapter-7-d-delivering-your-presentation-scorm12-rqczlxog (1).zip,the-art-of-presenting-chapter-7-d-delivering-your-presentation-scorm12-rqczlxog.zip
The Eight Wastes of Construction,the-eight-wastes-of-construction-scorm12-9_faca08.zip,the-eight-wastes-of-construction-scorm12-llqplzjk.zip
The Eight Wastes of Construction,the-eight-wastes-of-construction-scorm12-9_faca08.zip,the-eight-wastes-of-construction-scorm12-vtitab0f.zip
The Written Hazard Communication Plan,b9294f00-7631-4483-a177-9d75bcfa828d.zip,the-written-hazard-communication-plan-scorm12-ftnpzu8g.zip
Types Of Chemical Hazards,5a311cb4-586b-412a-88fb-0a50c800ba67.zip,types-of-chemical-hazards-scorm12-kwgkls-t.zip
Using Portable and Fixed Ladders,7eb6fa30-c8f4-4239-9186-9e9be0dcd045.zip,using-portable-and-fixed-ladders-scorm12-du3gq40l (1).zip
Using Portable and Fixed Ladders,7eb6fa30-c8f4-4239-9186-9e9be0dcd045.zip,using-portable-and-fixed-ladders-scorm12-du3gq40l.zip
Values Driven Leadership : 1 Coach K Teaches Values-Driven Leadership,ab06661d-8075-4ede-84eb-8fb88fd3d500.zip,values-driven-leadership-1-coach-k-teaches-values-driven-leadership-scorm12-TIbssfBQ (1).zip
Values Driven Leadership : 10 Planning Your Next Play,03fd4e80-b64f-439b-89c8-784b842c2691.zip,values-driven-leadership-10-planning-your-next-play-scorm12-znlyq13u.zip
Values Driven Leadership: 11 Recruit and Retain All-Stars,0c553a0f-d9af-40ab-9427-69df0143e71d.zip,values-driven-leadership-11-recruit-and-retain-all-stars-scorm12-dqqkpaaj.zip
Values Driven Leadership : 12 Improve Individual Performance,1a8c5a7e-1d22-4d32-9dcc-ba401140474a.zip,values-driven-leadership-12-improve-individual-performance-scorm12-nz5spqu9.zip
Values Driven Leadership : 13 Give Feedback,493823b2-6e7a-44e9-843a-990cd8f81814.zip,values-driven-leadership-13-give-feedback-scorm12-fslze9ua.zip
Values Driven Leadership : 14 Develop Emerging Leaders,21bd2729-7596-47c8-a379-721843310b5c.zip,values-driven-leadership-14-develop-emerging-leaders-scorm12-dsn2azbv.zip
Values Driven Leadership: 15 Create a Legacy of Leaders,66943eda-fb62-4ad8-ba1e-d0ec6ff9b0ec.zip,values-driven-leadership-15-create-a-legacy-of-leaders-scorm12-2ilihfl0.zip
Values Driven Leadership: 16 Make a Habit of Motivation,afc32b71-9f5d-432c-9ab9-80e79b9d98b1.zip,values-driven-leadership-16-make-a-habit-of-motivation-scorm12-cbzbbrc9.zip
Values Driven Leadership : 17 Bounce Back from a Loss,781af65a-e80f-43e7-9a6e-03781a978a09.zip,values-driven-leadership-17-bounce-back-from-a-loss-scorm12-1zsyje6f.zip
Values Driven Leadership : 7 The Ultimate Motion Offense,4c765778-8bd2-4452-866c-aec8e427dd4a.zip,values-driven-leadership-7-the-ultimate-motion-offense-scorm12-5bpb44hj.zip
Values Driven Leadership : 8 Effective Communication,56ba7bcd-acc3-4ada-9d4c-179765442bbe.zip,values-driven-leadership-8-effective-communication-scorm12-neuqm88y.zip
Values Driven Leadership : 9 Leading With Emotion,ab28f5f2-7325-42e0-9bea-0851cc7478d7.zip,values-driven-leadership-9-leading-with-emotion-scorm12-grnz0lav.zip
"What is ""LEAN""",what-is-lean-scorm12-5l-lsg8r.zip,what-is-lean-scorm12-hzvv2z3g.zip
